model,class,seed,accuracy,n_trials
cvcl-resnext,abacus,0,0.874,500
cvcl-resnext,abacus,1,0.896,500
cvcl-resnext,abacus,2,0.89,500
cvcl-resnext,apple,0,0.906,500
cvcl-resnext,apple,1,0.9,500
cvcl-resnext,apple,2,0.886,500
cvcl-resnext,axe,0,0.888,500
cvcl-resnext,axe,1,0.852,500
cvcl-resnext,axe,2,0.884,500
cvcl-resnext,babushkadolls,0,0.902,500
cvcl-resnext,babushkadolls,1,0.834,500
cvcl-resnext,babushkadolls,2,0.856,500
cvcl-resnext,bagel,0,0.82,500
cvcl-resnext,bagel,1,0.786,500
cvcl-resnext,bagel,2,0.802,500
cvcl-resnext,ball,0,0.996,500
cvcl-resnext,ball,1,1.0,500
cvcl-resnext,ball,2,0.998,500
cvcl-resnext,basket,0,0.406,500
cvcl-resnext,basket,1,0.512,500
cvcl-resnext,basket,2,0.436,500
cvcl-resnext,bell,0,0.928,500
cvcl-resnext,bell,1,0.858,500
cvcl-resnext,bell,2,0.878,500
cvcl-resnext,bird,0,0.93,500
cvcl-resnext,bird,1,0.902,500
cvcl-resnext,bird,2,0.892,500
cvcl-resnext,bonzai,0,0.946,500
cvcl-resnext,bonzai,1,0.94,500
cvcl-resnext,bonzai,2,0.944,500
cvcl-resnext,bread,0,0.456,500
cvcl-resnext,bread,1,0.432,500
cvcl-resnext,bread,2,0.528,500
cvcl-resnext,butterfly,0,0.742,500
cvcl-resnext,butterfly,1,0.706,500
cvcl-resnext,butterfly,2,0.734,500
cvcl-resnext,calculator,0,0.872,500
cvcl-resnext,calculator,1,0.856,500
cvcl-resnext,calculator,2,0.852,500
cvcl-resnext,camera,0,0.99,500
cvcl-resnext,camera,1,0.986,500
cvcl-resnext,camera,2,0.996,500
cvcl-resnext,candle,0,0.96,500
cvcl-resnext,candle,1,0.926,500
cvcl-resnext,candle,2,0.922,500
cvcl-resnext,cookie,0,0.656,500
cvcl-resnext,cookie,1,0.63,500
cvcl-resnext,cookie,2,0.696,500
cvcl-resnext,doll,0,0.676,500
cvcl-resnext,doll,1,0.654,500
cvcl-resnext,doll,2,0.638,500
cvcl-resnext,doorknob,0,0.93,500
cvcl-resnext,doorknob,1,0.902,500
cvcl-resnext,doorknob,2,0.886,500
cvcl-resnext,dresser,0,0.506,500
cvcl-resnext,dresser,1,0.524,500
cvcl-resnext,dresser,2,0.544,500
cvcl-resnext,dumbell,0,0.89,500
cvcl-resnext,dumbell,1,0.856,500
cvcl-resnext,dumbell,2,0.856,500
cvcl-resnext,earrings,0,0.612,500
cvcl-resnext,earrings,1,0.578,500
cvcl-resnext,earrings,2,0.65,500
cvcl-resnext,fan,0,0.442,500
cvcl-resnext,fan,1,0.462,500
cvcl-resnext,fan,2,0.424,500
cvcl-resnext,goggle,0,0.892,500
cvcl-resnext,goggle,1,0.878,500
cvcl-resnext,goggle,2,0.882,500
cvcl-resnext,grill,0,0.97,500
cvcl-resnext,grill,1,0.97,500
cvcl-resnext,grill,2,0.98,500
cvcl-resnext,handbag,0,0.966,500
cvcl-resnext,handbag,1,0.98,500
cvcl-resnext,handbag,2,0.958,500
cvcl-resnext,handgun,0,0.994,500
cvcl-resnext,handgun,1,0.95,500
cvcl-resnext,handgun,2,0.966,500
cvcl-resnext,handheldgame,0,0.456,500
cvcl-resnext,handheldgame,1,0.466,500
cvcl-resnext,handheldgame,2,0.448,500
cvcl-resnext,headband,0,0.92,500
cvcl-resnext,headband,1,0.9,500
cvcl-resnext,headband,2,0.858,500
cvcl-resnext,helmet,0,0.908,500
cvcl-resnext,helmet,1,0.934,500
cvcl-resnext,helmet,2,0.916,500
cvcl-resnext,horse,0,0.804,500
cvcl-resnext,horse,1,0.744,500
cvcl-resnext,horse,2,0.736,500
cvcl-resnext,keyboard,0,0.878,500
cvcl-resnext,keyboard,1,0.856,500
cvcl-resnext,keyboard,2,0.878,500
cvcl-resnext,lantern,0,0.674,500
cvcl-resnext,lantern,1,0.664,500
cvcl-resnext,lantern,2,0.724,500
cvcl-resnext,lei,0,0.664,500
cvcl-resnext,lei,1,0.706,500
cvcl-resnext,lei,2,0.714,500
cvcl-resnext,lipstick,0,0.922,500
cvcl-resnext,lipstick,1,0.9,500
cvcl-resnext,lipstick,2,0.922,500
cvcl-resnext,lock,0,0.9,500
cvcl-resnext,lock,1,0.882,500
cvcl-resnext,lock,2,0.884,500
cvcl-resnext,meat,0,0.818,500
cvcl-resnext,meat,1,0.806,500
cvcl-resnext,meat,2,0.858,500
cvcl-resnext,microwave,0,0.946,500
cvcl-resnext,microwave,1,0.92,500
cvcl-resnext,microwave,2,0.938,500
cvcl-resnext,muffin,0,0.752,500
cvcl-resnext,muffin,1,0.788,500
cvcl-resnext,muffin,2,0.748,500
cvcl-resnext,nailpolish,0,0.748,500
cvcl-resnext,nailpolish,1,0.64,500
cvcl-resnext,nailpolish,2,0.668,500
cvcl-resnext,ornament,0,0.59,500
cvcl-resnext,ornament,1,0.544,500
cvcl-resnext,ornament,2,0.57,500
cvcl-resnext,pen,0,0.726,500
cvcl-resnext,pen,1,0.708,500
cvcl-resnext,pen,2,0.738,500
cvcl-resnext,phone,0,0.806,500
cvcl-resnext,phone,1,0.79,500
cvcl-resnext,phone,2,0.83,500
cvcl-resnext,pillow,0,0.614,500
cvcl-resnext,pillow,1,0.63,500
cvcl-resnext,pillow,2,0.636,500
cvcl-resnext,pipe,0,0.884,500
cvcl-resnext,pipe,1,0.828,500
cvcl-resnext,pipe,2,0.84,500
cvcl-resnext,pitcher,0,0.826,500
cvcl-resnext,pitcher,1,0.806,500
cvcl-resnext,pitcher,2,0.826,500
cvcl-resnext,powerstrip,0,0.74,500
cvcl-resnext,powerstrip,1,0.64,500
cvcl-resnext,powerstrip,2,0.642,500
cvcl-resnext,pumpkin,0,0.9090909090909091,500
cvcl-resnext,pumpkin,1,0.8613636363636363,500
cvcl-resnext,pumpkin,2,0.8886363636363637,500
cvcl-resnext,rabbit,0,0.914,500
cvcl-resnext,rabbit,1,0.892,500
cvcl-resnext,rabbit,2,0.894,500
cvcl-resnext,ring,0,0.958,500
cvcl-resnext,ring,1,0.892,500
cvcl-resnext,ring,2,0.904,500
cvcl-resnext,rug,0,0.818,500
cvcl-resnext,rug,1,0.84,500
cvcl-resnext,rug,2,0.828,500
cvcl-resnext,saddle,0,0.74,500
cvcl-resnext,saddle,1,0.784,500
cvcl-resnext,saddle,2,0.78,500
cvcl-resnext,saltandpeppershake,0,0.666,500
cvcl-resnext,saltandpeppershake,1,0.614,500
cvcl-resnext,saltandpeppershake,2,0.648,500
cvcl-resnext,seashell,0,0.808,500
cvcl-resnext,seashell,1,0.806,500
cvcl-resnext,seashell,2,0.78,500
cvcl-resnext,sippycup,0,0.298,500
cvcl-resnext,sippycup,1,0.274,500
cvcl-resnext,sippycup,2,0.314,500
cvcl-resnext,sodacan,0,0.8,500
cvcl-resnext,sodacan,1,0.768,500
cvcl-resnext,sodacan,2,0.77,500
cvcl-resnext,stapler,0,0.728,500
cvcl-resnext,stapler,1,0.732,500
cvcl-resnext,stapler,2,0.748,500
cvcl-resnext,stool,0,0.942,500
cvcl-resnext,stool,1,0.924,500
cvcl-resnext,stool,2,0.922,500
cvcl-resnext,suitcase,0,0.542,500
cvcl-resnext,suitcase,1,0.498,500
cvcl-resnext,suitcase,2,0.516,500
cvcl-resnext,telescope,0,0.862,500
cvcl-resnext,telescope,1,0.782,500
cvcl-resnext,telescope,2,0.85,500
cvcl-resnext,tennisracquet,0,0.9,500
cvcl-resnext,tennisracquet,1,0.9272727272727272,500
cvcl-resnext,tennisracquet,2,0.9136363636363637,500
cvcl-resnext,toothpaste,0,0.968,500
cvcl-resnext,toothpaste,1,0.954,500
cvcl-resnext,toothpaste,2,0.944,500
cvcl-resnext,train,0,0.964,500
cvcl-resnext,train,1,0.926,500
cvcl-resnext,train,2,0.944,500
cvcl-resnext,tree,0,0.7,500
cvcl-resnext,tree,1,0.696,500
cvcl-resnext,tree,2,0.734,500
cvcl-resnext,tricycle,0,0.98,500
cvcl-resnext,tricycle,1,0.922,500
cvcl-resnext,tricycle,2,0.942,500
cvcl-resnext,trophy,0,0.732,500
cvcl-resnext,trophy,1,0.688,500
cvcl-resnext,trophy,2,0.726,500
cvcl-resnext,trumpet,0,0.948,500
cvcl-resnext,trumpet,1,0.96,500
cvcl-resnext,trumpet,2,0.954,500
cvcl-resnext,vase,0,0.906,500
cvcl-resnext,vase,1,0.868,500
cvcl-resnext,vase,2,0.898,500
cvcl-resnext,wineglass,0,0.736,500
cvcl-resnext,wineglass,1,0.65,500
cvcl-resnext,wineglass,2,0.696,500
clip-res,abacus,0,0.938,500
clip-res,abacus,1,0.934,500
clip-res,abacus,2,0.932,500
clip-res,apple,0,0.976,500
clip-res,apple,1,0.98,500
clip-res,apple,2,0.982,500
clip-res,axe,0,0.876,500
clip-res,axe,1,0.862,500
clip-res,axe,2,0.882,500
clip-res,babushkadolls,0,0.972,500
clip-res,babushkadolls,1,0.97,500
clip-res,babushkadolls,2,0.972,500
clip-res,bagel,0,0.99,500
clip-res,bagel,1,0.988,500
clip-res,bagel,2,0.984,500
clip-res,ball,0,1.0,500
clip-res,ball,1,1.0,500
clip-res,ball,2,1.0,500
clip-res,basket,0,0.714,500
clip-res,basket,1,0.674,500
clip-res,basket,2,0.696,500
clip-res,bell,0,0.986,500
clip-res,bell,1,0.99,500
clip-res,bell,2,0.99,500
clip-res,bird,0,0.956,500
clip-res,bird,1,0.956,500
clip-res,bird,2,0.962,500
clip-res,bonzai,0,0.972,500
clip-res,bonzai,1,0.974,500
clip-res,bonzai,2,0.97,500
clip-res,bread,0,0.744,500
clip-res,bread,1,0.696,500
clip-res,bread,2,0.748,500
clip-res,butterfly,0,0.972,500
clip-res,butterfly,1,0.976,500
clip-res,butterfly,2,0.976,500
clip-res,calculator,0,0.952,500
clip-res,calculator,1,0.968,500
clip-res,calculator,2,0.96,500
clip-res,camera,0,0.994,500
clip-res,camera,1,0.98,500
clip-res,camera,2,0.996,500
clip-res,candle,0,0.99,500
clip-res,candle,1,0.986,500
clip-res,candle,2,0.986,500
clip-res,cookie,0,0.984,500
clip-res,cookie,1,0.988,500
clip-res,cookie,2,0.98,500
clip-res,doll,0,0.974,500
clip-res,doll,1,0.984,500
clip-res,doll,2,0.986,500
clip-res,doorknob,0,0.968,500
clip-res,doorknob,1,0.956,500
clip-res,doorknob,2,0.966,500
clip-res,dresser,0,0.844,500
clip-res,dresser,1,0.822,500
clip-res,dresser,2,0.818,500
clip-res,dumbell,0,0.936,500
clip-res,dumbell,1,0.942,500
clip-res,dumbell,2,0.938,500
clip-res,earrings,0,0.968,500
clip-res,earrings,1,0.958,500
clip-res,earrings,2,0.956,500
clip-res,fan,0,0.784,500
clip-res,fan,1,0.74,500
clip-res,fan,2,0.746,500
clip-res,goggle,0,0.948,500
clip-res,goggle,1,0.952,500
clip-res,goggle,2,0.954,500
clip-res,grill,0,0.996,500
clip-res,grill,1,0.99,500
clip-res,grill,2,0.992,500
clip-res,handbag,0,0.958,500
clip-res,handbag,1,0.964,500
clip-res,handbag,2,0.974,500
clip-res,handgun,0,0.968,500
clip-res,handgun,1,0.952,500
clip-res,handgun,2,0.95,500
clip-res,handheldgame,0,0.69,500
clip-res,handheldgame,1,0.69,500
clip-res,handheldgame,2,0.706,500
clip-res,headband,0,0.948,500
clip-res,headband,1,0.934,500
clip-res,headband,2,0.942,500
clip-res,helmet,0,0.912,500
clip-res,helmet,1,0.924,500
clip-res,helmet,2,0.92,500
clip-res,horse,0,0.714,500
clip-res,horse,1,0.732,500
clip-res,horse,2,0.698,500
clip-res,keyboard,0,0.858,500
clip-res,keyboard,1,0.872,500
clip-res,keyboard,2,0.86,500
clip-res,lantern,0,0.874,500
clip-res,lantern,1,0.87,500
clip-res,lantern,2,0.85,500
clip-res,lei,0,0.91,500
clip-res,lei,1,0.926,500
clip-res,lei,2,0.906,500
clip-res,lipstick,0,1.0,500
clip-res,lipstick,1,1.0,500
clip-res,lipstick,2,1.0,500
clip-res,lock,0,0.992,500
clip-res,lock,1,0.994,500
clip-res,lock,2,0.992,500
clip-res,meat,0,0.928,500
clip-res,meat,1,0.938,500
clip-res,meat,2,0.932,500
clip-res,microwave,0,0.916,500
clip-res,microwave,1,0.934,500
clip-res,microwave,2,0.918,500
clip-res,muffin,0,0.952,500
clip-res,muffin,1,0.952,500
clip-res,muffin,2,0.96,500
clip-res,nailpolish,0,0.766,500
clip-res,nailpolish,1,0.76,500
clip-res,nailpolish,2,0.776,500
clip-res,ornament,0,0.962,500
clip-res,ornament,1,0.97,500
clip-res,ornament,2,0.966,500
clip-res,pen,0,0.974,500
clip-res,pen,1,0.962,500
clip-res,pen,2,0.968,500
clip-res,phone,0,0.916,500
clip-res,phone,1,0.908,500
clip-res,phone,2,0.908,500
clip-res,pillow,0,0.936,500
clip-res,pillow,1,0.942,500
clip-res,pillow,2,0.946,500
clip-res,pipe,0,0.958,500
clip-res,pipe,1,0.96,500
clip-res,pipe,2,0.956,500
clip-res,pitcher,0,0.938,500
clip-res,pitcher,1,0.936,500
clip-res,pitcher,2,0.944,500
clip-res,powerstrip,0,0.842,500
clip-res,powerstrip,1,0.824,500
clip-res,powerstrip,2,0.822,500
clip-res,pumpkin,0,0.9818181818181818,500
clip-res,pumpkin,1,0.9772727272727273,500
clip-res,pumpkin,2,0.9863636363636363,500
clip-res,rabbit,0,0.98,500
clip-res,rabbit,1,0.98,500
clip-res,rabbit,2,0.98,500
clip-res,ring,0,0.978,500
clip-res,ring,1,0.976,500
clip-res,ring,2,0.992,500
clip-res,rug,0,0.948,500
clip-res,rug,1,0.918,500
clip-res,rug,2,0.934,500
clip-res,saddle,0,0.786,500
clip-res,saddle,1,0.78,500
clip-res,saddle,2,0.776,500
clip-res,saltandpeppershake,0,0.938,500
clip-res,saltandpeppershake,1,0.92,500
clip-res,saltandpeppershake,2,0.93,500
clip-res,seashell,0,0.94,500
clip-res,seashell,1,0.914,500
clip-res,seashell,2,0.932,500
clip-res,sippycup,0,0.62,500
clip-res,sippycup,1,0.61,500
clip-res,sippycup,2,0.602,500
clip-res,sodacan,0,0.954,500
clip-res,sodacan,1,0.954,500
clip-res,sodacan,2,0.946,500
clip-res,stapler,0,0.944,500
clip-res,stapler,1,0.95,500
clip-res,stapler,2,0.968,500
clip-res,stool,0,0.974,500
clip-res,stool,1,0.986,500
clip-res,stool,2,0.982,500
clip-res,suitcase,0,0.74,500
clip-res,suitcase,1,0.778,500
clip-res,suitcase,2,0.75,500
clip-res,telescope,0,0.998,500
clip-res,telescope,1,1.0,500
clip-res,telescope,2,1.0,500
clip-res,tennisracquet,0,0.990909090909091,500
clip-res,tennisracquet,1,0.9863636363636363,500
clip-res,tennisracquet,2,0.9772727272727273,500
clip-res,toothpaste,0,0.958,500
clip-res,toothpaste,1,0.928,500
clip-res,toothpaste,2,0.94,500
clip-res,train,0,0.956,500
clip-res,train,1,0.946,500
clip-res,train,2,0.946,500
clip-res,tree,0,0.922,500
clip-res,tree,1,0.912,500
clip-res,tree,2,0.932,500
clip-res,tricycle,0,1.0,500
clip-res,tricycle,1,1.0,500
clip-res,tricycle,2,1.0,500
clip-res,trophy,0,0.91,500
clip-res,trophy,1,0.924,500
clip-res,trophy,2,0.918,500
clip-res,trumpet,0,1.0,500
clip-res,trumpet,1,0.998,500
clip-res,trumpet,2,1.0,500
clip-res,vase,0,0.958,500
clip-res,vase,1,0.95,500
clip-res,vase,2,0.956,500
clip-res,wineglass,0,0.922,500
clip-res,wineglass,1,0.926,500
clip-res,wineglass,2,0.928,500
